study_id,sex_classification,evidence
aboharb2025,both sexes,"gene expression at cellular resolution followed by machine learning. We tested male and female mice with a panel of drugs, including psilocybin, ketamine, 5-MeO-DMT, 6/uniFB0"
adams2022,male only,"ects  A total of 22 adult (PND 90 -120) male Long Evans rats (Charles River Laboratories,"
afrooghe2025,male only,(broad match: 'male' found in text)
agrawal2025,male only,"ee of Charles River Laboratories. Adult male Sprague -Dawley rats (Charles River, 7 -8 weeks"
allen2026,both sexes,M: tagonist M100907 on visual attention in male mice in the continuous performance test. Psy | F: Research Council.  ## Animal husbandry  Female Sprague-Dawley rats (N = 96) aged 6 weeks were
almeida2022,male only,ods  ## 2.1. Animals  Seventy-two adult male Swiss mice (6 -7 weeks-old) were housed in po
alper2018,male only,choice alcohol drinking paradigm. Adult male C57BL/6J mice were exposed to ethanol to de
alper2023,both sexes,nvestigated the effects of psilocybin on voluntary ethanol consumption in adult male and female C57BL/6J mice administered saline or psilocybin intraperitoneally as a single d
alvarenga2014,both sexes,M: rats. One group of sexually experienced male Wistar rats were submitted to a paradoxical sl | F: ore a female. Sexual receptivity in the female rats was established by administering estrad
amodeo2020,both sexes,"M: itial behaviorally disruptive effects.  Male C57BL/6 J mice, 9-10 weeks old, were purcha | F: these results because this was true in female NMRI mice tested during the light cycle. Alt"
anderson2025,male only,"## Materials and Methods  ## Animals  Male Sprague Dawley rats ( Rattus norvegicus ), weig"
ascone2026,both sexes,"models of ASD [80] and the fact that FMRP loss can produce divergent effects in males and females [81], this represents an important limitation. However, a parallel cohort of fe"
bassi2024,both sexes,"M: thods  ## Animals  A total of 110 adult male ICR (CD-1®) mice, 3-4/uni00A0months old, we | F: iopsis caapi and Psychotria viridis) in female Wistar rat. Behav Processes 118:102-110. https"
bazovkina2015,male only,"ero.fitted/one.fitted/two.fitted weeks) male mice of CBA/Lac, C/three.fittedH/He, C/five."
ben-tal2025,male only,# Animals  The study was carried out on male ICR mice (30.0 ± 2.0 g). The animals were h
benvenuti2023,both sexes,"m, psilocybin markedly attenuated resumption of alcohol seeking.  Methods Using male and female msP rats, we tested the effect of psilocybin on home cage voluntary alcohol con"
bilel2025,both sexes,"| [49]        | | Sprague-Dawley rats (male and female) | 25I-NBOMe (0.3, 1 mg/kg; i.p.): microdyalisis 25I-NBOMe (0.1, 0.3, 0.5, 1.0"
bonilla2024,both sexes,ecapitulate this comorbidity are lacking. We developed a polydrug model wherein male and female rats were allowed to self-administer intravenous heroin and oral alcohol (or sa
bostancıklıoğlu2026,male only,tual fear conditioning.  METHODS: Adult male Wistar rats ( N = 210) received repeated low d
bouloufa2025,male only,he experiments have been carried out in male Sprague-Dawley and Wistar Han rats (used only f
brandt2016,male only,"ties and activates the 5-HT2A receptor, male C57BL/6J mice were injected with vehicle (s"
brandt2017,not reported,
brandt2018,not reported,
brandt2019,not reported,
brengel2025,both sexes,"constellation of neurobiological and neurochemical changes in the 496 brains of male and female rats. The pathology includes vasogenic edema 25 , altered 497 vascular reactivi"
brockett2024,both sexes,manual: male and female animals confirmed
brouns2024,both sexes,"ng task in mice, measured 23 weeks after the dose. This effect was seen in both male and female mice. This behavioral finding complements previous cellular results showing tha"
brownstien2025,both sexes,mals  The SAPAP3 breeding colony was established using 5 heterozygous SAPAP3 KO male and female mice kindly provided by Dr Guoping Feng (Massachusetts Institute of Technology)
bruno2025,both sexes,"e 2020). Another limitation of the study is the absence of a comparison between male and female subjects, which precludes evaluation of potential sex-specific differences in t"
brys2023,male only,(broad match: 'male' found in text)
bryson2024,both sexes,"ection of RE104 (QPS, LLC, Newark, DE, USA). Groups of 12 Sprague -Dawley rats (6 male and 6 female, 8 -10 weeks of age at dosing) received SC injections of RE104 at doses of 10,"
bréant2026,male only,"## Methods  ## Animal husbandry  Adult male C57BL/6 J mice ( n = 42, 9 to 15 weeks old)"
buchborn2014,male only,"Animals and housing  For  experiments,  male  Wistar  rats  (average  (Ø)  400  g) (HsdCpb:W"
butler2025,male only,mals used in the study.  9 -11-week-old male C57BL6/J mice weighing 21.8 -27.4 g were us
buzzelli2023,male only,(broad match: 'male' found in text)
bysiek2025,male only,"als and methods  ## 2.1. Animals  Adult male Wistar-Han rats (280 -350 g; Charles River, Ge"
cameron2018,male only,nts were performed on 8- to 14-week-old male rats. Studies were performed during the ligh
cameron2019,both sexes,"cognition, and social interaction. Here, we test this hypothesis by subjecting male and female Sprague Dawley rats to behavioral testing following the chronic, intermittent a"
cao2022,male only,manual: male animals confirmed — Methods in supplement (not in docling.md)
carbonaro2015,male only,on) was assessed.  ## Methods  Animals  Male Sprague -Dawley rats and male C57BL/6 mice were
castronin2024,male only,"f I 40 (ibogaine 40 mg/ kg) and N 40 in male rats. Noteworthy, the larger noribogaine dos"
chen2020,male only,C57BL/6J mice in the De Strooper lab.  Male mice ( APP NL-G-F KI and C57BL/6J controls)
chen2023,male only,for at least 1 week after arrival. The male C57BL/6 mice were housed in cages with corn
chiu2014,male only,"rials and method  ## Animals and drugs  Male ICR mice (8 -9 weeks, 33 -40 g) were suppli"
chiu2023,both sexes,"09.25.559347 doi: bioRxiv preprint  ## MATERIALS AND METHODS  ## Animals  Adult male and female C57BL/6J (#000664), Ai9 mice (#007909), and Thy1-GFP-M mice (#007788) were from"
colaço2020,both sexes,"|  picture-12.png  picture-13.png  picture-14.png  higher is fatal to male and female Wistar rats (Santos et al. 2017; da Motta et al. 2018). One ritual dose (1X, Ay"
colognesi2026,male only,C57BL/6J male mice a diet rich in fat (own methods)
conn2024,both sexes,"otoninergic tone via other (i.e. non-5-HT2A) known 5-HT binding targets in both male and female animals. In addition, real-time longitudinal monitoring of 5-HT activity (i.e."
correanetto2017,both sexes,"M: ds  ## Subjects  One hundred and twenty male C57BL/6 mice were obtained from the Center | F: opsis caapi and Psychotria viridis ) in female Wistar rat. Behav Process 2015; 118: 102 -110,"
couch2015,male only,"nd Methods  ## Animals  Adult, outbred, male CD-1 mice (8 weeks) were obtained from Harla"
courtney2026,both sexes,"| | 392        | diethylamide, and psilocybin in male and female C57BL/6J mice. Psychopharmacology"
cunningham2023,both sexes,"PD patients. However, we note that this is a pilot study with mixed cohorts of males and females of di/fferent ages. A follow-up replication will be required in larger cohorts"
custodio2025,both sexes,"M: ark (07:00-19:00/uni00A0h light) cycle. Male C57BL/6/uni00A0J mice (6/uni00A0weeks of ag | F: lowing the treatments of MAL and BOD in female mice. Thus, in future studies, sex should be"
cyrano2025,male only,"imals  Experiments were conducted on 24 male Wistar rats (Charles River, Germany) weighing"
daldegan-bueno2022,male only,"r related to novel-environment anxiety. Male Wistar rats received water, 120, 240, 480 or 3"
davoudian2023,both sexes,"copy were employed to map the expression of the immediate early gene, c-Fos, in male and female mice. The druginduced c-Fos expression following psilocybin administration was"
de camargo2025,male only,"00A0Methods  ## Animals  A total of 104 male Wistar rats, aged 60/uni00A0days, weighing on"
de la fuente revenga2021,male only,performed on adult (10 - 20 weeks old) male mice randomly allocated into the different p
de sousa-silva2026,both sexes,M: Material and methods  ## 2.1. Animals  Male Swiss mice (18 -22 weeks old; 35 -45 g) were | F: lty of characterize helplessness in our female Swiss mice; (2) Due to the low resolution of
dean2019,male only,"ods  Animals. Adult (2-5 months of age) male Wistar rats (Harlan Laboratories, Indianapolis"
delafuenterevenga2022,male only,face 41 ) and with unrelated cohorts of male C57BL/6 (Jackson) and B6J/B6N (in-house) mi
dere2015,both sexes,"tant mice ( Gpm6b -/ -) to search for behavioral functions of Gpm6b. We studied male and female Gpm6b -/ -mice and their wild-type (WT, Gpm6b +/+ ) littermates in an extensive"
desouza2021,male only,"IALS AND METHODS  ## Animal Treatments  Male Sprague-Dawley rats (2-3 months), serotonin2A r"
do nascimento sousa2025,both sexes,ng that daily ayahuasca intake at doses 4x the usual dose or higher is fatal to male and female Wistar rats (Santos et al. 2017 ; da Motta et al. 2018).  Animals received LPS
domenico2021,male only,MODEL AND SUBJECT DETAILS  Twenty-three male Long-Evans rats between 4 and 9 months of ag
domżalska2025,male only,te ketamine and psilocybin treatment in male C57BL/6J mice subjected to CSD. Fluoxetine
du2023,male only,"## Animals and housing  Eight-week-old male C57BL/6J mice (Beijing SPF Biotechnology,"
duartefilho2022,male only,"uce the immobility time of the animals (male NMRI mice) in the TST and FST, without causi"
effinger2024,both sexes,increased stimulus-independent PVN activity as measured by c-Fos expression in male and female rats. Psilocin increased PVN reactivity to an aversive air-puff stimulus in mal
egger2023,male only,"thods  ## 2.1 Animals  Forty-three (43) male Long Evans rats (N = 24, 227 ± 12 g, for exp"
elmore2018,male only,"2. Animals, tissue harvest and surgery  Male Sprague-Dawley rats weighing 250 e 300 g were h"
elsila2020,male only,"AND METHODS  ## Subjects  A total of 15 male C57BL/6JRj mice (Janvier Labs, Le GenestSai"
elsila2022,both sexes,"016). In addition, psychedelic compounds are known to have differing effects in male and female rodents. Female rats are less sensitive to locomotor and thigmotaxis-related ef"
erkizia-santamaria2022,male only,al and methods  ## 2.1. Animals  Adult  male  C57BL/6  J  mice  (8  weeks  old)  were  pu
erkizia-santamaría2025,both sexes,"present study, but the authors acknowledge and forcefully recommend the use of both sexes in basic experimental research, especially with regard to characterisation of a"
eshleman2014,male only,d.  ## Materials and methods  Subjects  Male Sprague -Dawley rats were obtained from Harlan
estrada-sánchez2023,male only,in these experiments. FvB/N background male mice (n = 22) from 4 to 6 months old were ho
fadahunsi2022,male only,"IALS AND METHODS  ## Animals  Wild type male C57BL/6J mice (Janvier, FR), male leptin-de"
fantegrossi2015,male only,(broad match: 'male' found in text)
farinhaferreira2025,both sexes,"First, we tested whether acute psilocybin effects differed between sexes. Adult male and female C57BL/6J mice received saline or psilocybin (5 mg/kg; i.p.), and head-twitch re"
favaro2015,male only,"Testing Control, Brazil).  ## Subjects  Male Wistar rats weighing 300-350g were provided by"
feng2015,male only,"conditioned avoidance response test in male Sprague-Dawley rats.  Methods 2,5-dimethoxy-4-i"
ferreira2025,female only,he  root  bark  of Mimosa  tenuiflora . Female Swiss  mice  of  6 weeks  old  were  used  in
ferri2023,male only,ods  ## 2.1. Animals  We obtained adult male Wistar rats weighing 230 -280 g (7 -8-weekold)
fink2015,male only,(broad match: 'male' found in text)
fiorillo2026,male only,"nflammatory time-course, wild-type (WT) male mice received LPS (1 mg/kg, i.p.) and hippoc"
fisher2024,both sexes,"M: uctuate over the estrous cycle [28], a male rat was housed in all experimental rooms at | F: om the Monash Animal Research Platform. Female Sprague-Dawley rats ( n = 22) arrived at 6 week"
flanagan2021,male only,"lucinogens and their 2C counterparts in male rats. Neuropharmacology 142 , 240 -250. - (3"
fletcher2017,male only,"egal 1997).  ## Methods  Subjects Adult male Sprague-Dawley rats (Charles River, Quebec) wei"
fletcher2024,both sexes,"M: e effect lasting for at least 3 days in male mice (Alper et al., 2022). Overall, while th | F: ocybin reduced drinking in male but not female C57BL/6J mice (Alper et al., 2022). In a se"
fleury2026,both sexes,"lternative to chronic corticosterone administration, a separate cohort group of male and female mice (N = 164) were subjected to repeated stress exposures via /uniFB01 ve forc"
floris2025,male only,# METHODS AND MATERIALS Subjects  Adult male Sprague Dawley rats (Charles River Laboratories
fricke2021,not reported,
garcía-cabrerizo2025,both sexes,", Spain  ## A R T I C L E  I N F O  Keywords: Novel antidepressants Adolescence Male and female rats Hippocampus Plasticity  ## A B S T R A C T  Adolescent depression is a sig"
gattuso2025,both sexes,"in both genotypes.  In this study, we investigated psilocybin administration in male and female SAPAP3 knockout (KO) mice, a well-validated  mouse model of obsessive compulsiv"
gattuso20251,both sexes,"d to 25 · C ± 2), from which escape was impossible, and left to swim for 6 min. Male and female mice were placed in different beakers to reduce scent effects. Time spent immob"
gergs2024,both sexes,"sion cassette. For all experiments, adult transgenic mice and WT littermates of both sexes were used.  ## Contractile studies in/uni00A0mice  As described before, the rig"
ghofrani-jahromi2024,both sexes,"iddle & Knox, 2023) focused on female rats, but this hypothesis may be true for both sexes. Importantly, there are various designs to measure PTSD-like behavior, by chang"
gianfratti2022,male only,"mg/kg of body weight.  ## 2.5. Animals  Male Swiss albino mice (3 months old, weighting 30"
glatfelter2022,not reported,
glatfelter2023,male only,tails and Design. A single cohort of 12 male C57BL/6J mice (The Jackson Laboratory # 000
glatfelter2024,male only,lisuride and LSD were also compared in male C57BL/6J mice. The in vitro results confirm
glynos2026,both sexes,"during, and after intravenous administration of DMT (0.75, 3.75, 7.5 mg/ kg) in male and female adult rats. All three doses of DMT produced head twitch response with most twit"
golden2022,both sexes,"ing activity.  ## Materials and methods  Animals. Experiments were conducted on male and female C57 BL6 mice (n = 10, 5 female; Charles River UK Ltd & Harlan UK Ltd), and homo"
gonzalez2021,male only,eritoneal administration of ibogaine in male rats induces a waking brain state that has e
gonzález2018,not reported,
goulart da silva2022,male only,"ply  the  neuroinflammation  protocol,  male  Wistar  rats, approximately 90 days old, were"
gregorio2021,male only,"wk old, weighing 25 to 30 g) were used. Male Sprague -Dawley rats (weighing 250 to 300 g) we"
gregorio2022,male only,ng in the dorsal raphe nucleus (DRN) in male mice exposed to chronic restraint stress. We
gregory2025,both sexes,"e models, behavioral assays, and doses at acute and chronic time points in both male and female mice. Surprisingly, psilocybin had no analgesic properties in any of these test"
gregory2026,both sexes,"Across these models, we tested a range of doses (0.3, 2, and 10 mg/kg i.p.) in male and female mice using multiple behavioral assays evaluating sensory aspects (von Frey, col"
gunten2025,both sexes,and epigenetic impacts of lysergic acid diethylamide (LSD) on morphine-treated male and female mice. Morphine was selected due to the high leverage capacity to address the op
habelt2024,male only,animals used [47].  ## Animals  We used male Wistar rats from the breeding colony at the CI
hagsäter2021,male only,"Methods  ## Animals  A  total  of  415  male  Sprague  Dawley  rats  (Taconic,  Borup, Denmar"
halberstadt2016,male only,"Materials and methods  ## 2.1. Animals  Male Sprague -Dawley rats (Harlan Industries, Indian"
halberstadt2019,male only,## MATERIALS AND METHODS  ## Animals  Male C57BL/6J mice (6-8 weeks old) obtained from
halberstadt2020,male only,-LSD and 1B-LSD induce head twitches in male C57BL/6J mice with approximately one-third
hammo2025,both sexes,"reversal of both mechanical allodynia and anxiodepression-like states in adult male and female mice. Using local psilocin injections, the key active metabolite of psilocybin,"
harari2024,male only,"CIPANT DETAILS  8-10 weeks old C57BL/6J male mice (supplied by Invigo Laboratories, Rehov"
harari2025,male only,iption.  ## Results and discussion  C57 male mice were housed in reverse-light cycle and
hatzipantelis2025,both sexes,T littermates in a three-chamber social interaction (3-CSI) task. We found that male and female INMT KO mice had just as high a propensity for socialization as their WT litter
havel2024,both sexes,analgesic potency and ef /uniFB01 cacy of oxa-noribogaine is comparable between male and female mice and primarily driven by KOR activation in both sexes. Pharmacological stud
hazama2014,both sexes,"M: s were conducted with naıve 8-9-weekold male mice, group-housed (4-5 per cage) with a 12- | F: s of male 129S6/SvEvTac PACAP + / 2 and female C57BL/6J PACAP + / + (A, C, E; n = 12-21) o"
henriques2021,male only,in male mice. The rewarding effects of ethanol (own methods)
hernandezleon2024,male only,ological evaluation  ## 2.3.1. Animals  Male mice Swiss Webster strain (25 -30 g) aged 8
hesselgrave2021,both sexes,. Videos were later scored by a trained experimenter blinded to the position of male and female urine swabs. Time spent sniffing each swab was recorded and percent preference
hibicke2020,both sexes,"eliable measure of passive coping strategy, a depressive-like behavior, in both male and female rats, 60,61 as measures of anhedonia like the sucrose preference test have been"
hibicke2023,both sexes,"owever, it remains the most reliable measure of passive coping strategy in both male and female rats, 16,53 and can be used to screen for antidepressant-like action of drugs g"
higgins2021,both sexes,"test subjects, and on single acute doses. Future studies should extend to both male and female subjects, and alternative dosing schedules. Nonetheless, the studies are import"
higgins2025,male only,"of experiments utilised two cohorts of male Sprague-Dawley rats, one trained to a psilocybi"
hill2025,male only,inative stimulus effects were tested in male Sprague-Dawley rats trained to discriminate DOM
hinchcliffe2024,male only,Male rats were subjected to both the affective bias test (own methods)
horrocks2025,male only,one mouse was 28 wk old. Two additional male mice of the same strain (19 wk old) were use
huang2022,both sexes,"M: obesity.  Methods: Five groups of adult male rats were pre-conditioned with a cafeteria d | F: ther similar benefits are observed with female rats too. Thirdly, as noted above, we may ha"
inserra2021,male only,"e animal suffering.  ## Animals  Adult  male  C57/BL6  mice  (Charles  Rivers,  Saint-Con"
inserra2023,male only,"campal eCBome.  ## 2.1 | Animals  Adult male C57BL/6N mice (Charles Rivers, Saint-Consta"
iorgu2024,female only,"s reaction and cellular injury [18], in female Sprague-Dawley rats 24/uni00A0h after treatment"
ivan2024,both sexes,(broad match: both 'male' and 'female' found in text)
jacobs2024,both sexes,"ard-punishment conflict associations, as well as its effects after learning, in male and female rats.  We  utilized  a  chained  schedule  of  reinforcement  that  involved  e"
jeanblanc2024,male only,"st time, when injected into the brain.  Male Long Evans rats underwent chronic operant et"
jefferson2023,both sexes,"MeO-DMT, we measured head-twitch response using magnetic ear tags for 2 h in 34 male and female C57BL/6 J mice that were split into 6 groups: 5-MeO-DMT (5, 10, 20, or 40 mg/kg"
jefsen2019,male only,(broad match: 'male' found in text)
jensen2020,both sexes,M: ) assay  ## 2.7.1. Animals and housing  Male C57BL/6J mice (6-8 weeks old) were obtained | F: assays  ## 2.8.1. Animals and housing  Female NMRI mice (7-13 weeks old at the time of tes
jin2020,not reported,
jones2020,both sexes,"en  well-established knowledge  regarding  differential  stress  responses  in  male  and  female  mice.[43,44]  Another limitation  is  the  inability  to  fully  eliminate  th"
jones2023,both sexes,", 26,36 as well as emerging evidence of di/fferential psychedelic responses, in male and female rodents. 37,38 Another limitation is that the roles of IP injectionrelated stre"
kandhwal2025,male only,"he  study  was conducted exclusively in male mice, and including female cohorts in future"
karaki2014,not reported,
kato2025,male only,2   |   Methods  ## 2.1   |   Animals  Male ICR mice (20-25 g) were obtained from Japan
kelly2024,both sexes,to G protein activity (see Supplementary Fig. 1).  ## Animals  Adult C57BL/6 J male and female mice were obtained from Jackson Laboratories (stock#: 000664) and housed in a t
kiilerich2023,male only,microdoses in the elevated plus-maze in male Wistar rats. Behav Pharm. 2018;29:530 -6. - 36
kimmey2022,both sexes,"igm. 13 At the level of the VTA, further differences have been reported between male and female rodents. For example, diestrus has been found to enhance firing rates of VTA DA"
kleditzsch2025,both sexes,e.LP |    Total amount of head twitches post- psilocybin or saline injection in male and female mice. Psilocybin (1 mg/kg) significantly increased head twitches regardless of
klein2021,male only,y counterparts.  ## ■ METHODS  Animals. Male C57BL/6J mice (6 -8 weeks old) obtained fro
kolaczynska2021,not reported,
kolasa2024,both sexes,"M: ical changes in the brain.  ## Animals  Male  Wistar  Han  rats  (7  weeks  old,  weighing | F: rave et al. ( 2021 ) has indicated that female mice showed  comparable  behavioral  respons"
kolbman2023,both sexes,hen weekly for the next three weeks.  Similar data trends were observed between male and female cohorts and therefore both sex groups were combined for the statistical analyse
koseli2025,both sexes,ne (DOI) in two models  of  chronic  pain  after  systemic  administration  in  male  and  female  mice.  Psilocybin  and  DOI  dosedependently reversed mechanical and cold hype
koutrouli2026,male only,"wo studies (psilocybin/ibogaine), adult male Wistar rats ( n = 40; 160-180 g, approximately"
kościuk2026,male only,hallucinogenic activity.  Methods Adult male Wistar Han rats were used for in vivo brain mi
kramer2026,both sexes,"r, the FST remains the most reliable measure of passive coping strategy in both male and female rats [26] and can be used to screen for antidepressant-like  action of drugs gi"
krupp2024,male only,"t, decreases stress-related behavior in male mice exposed to repeated social aggression."
kulikova2018,male only,"nts were carried out on SPF-state adult mouse males (2-3 months old, weighing 26 ± 2 g) of"
kyzar2016,both sexes,"in human populations (e.g., [21]). Considering the growing importance of using both sexes in biomedical research [29], sex differences in LSD effects have been reported"
lauria2024,male only,"Material and methods  ## 2.1. Animals  Male Swiss and C57BL/6 mice ( Mus musculus ),  age"
lazar2025,both sexes,95 and may affect synaptic function.  Methods: Two studies were conducted using male and female juvenile (10-13 weeks) SAPAP3-KO mice. Study 1 compared behavioral phenotypes b
lee2014,male only,. Materials & methods  ## 2.1. Animals  Male NMRI mice (8 e 10 weeks) were supplied from
lee2020,male only,in a mouse model of toluene psychosis. Male NMRI mice were subchronically treated with t
lerer2024,male only,").  Methods: In our initial experiment, male C57Bl/6j mice were injected with PSIL 4.4 m"
lewis2023,both sexes,"ve been used to screen antidepressant and anxiolytic drugs, respectively. 65,66 Male and female mice were treated with three doses of 2-Br-LSD (0.3, 1.0, and 3.0 mg/kg) and we"
li2025,male only,n vivo e/fficacy of antidepressants. 37 Male C57BL/6J mice were allowed free access to w
li2025 1,male only,"Materials and methods  ## 2.1. Animals  Male C57BL/6J mice (6 -8 weeks old, weighing 21"
liao2019,male only,(DOI). PS128 was orally administered to male Wistar rat for 2 weeks before two daily DOI in
lima da cruz2026,both sexes,"dependent changes in central amygdala reactivity and defensive behavior between males and females [82], while DOI and LSD modulate prepulse inhibition in a sex- and 5-HT2A recep"
limadacruz2018,both sexes,"::tdTom lox = lox transgenic (Zhang et al., 2010; Leão et al., 2012) mice from both sex aged  between 55-70 days were used in this study. Animals were housed under a 1"
liu2023,male only,dministered intraperitoneally (i.p.) to male mice 6 days before administration of LPS (1.
lu2021,both sexes,"e were group-housed with littermates and maintained on a 12 h light/dark cycle. Both sexes of mice aged 1 -2 months were used. Unless otherwise noted, all experiments wer"
lu2025,both sexes,"es are provided in Supplementary Table 2 . 553  554  ## METHODS 555  556  Mice  Male and female C57BL/6J mice (Jackson Laboratory, stock number : 000664) were used for all 557"
magee2025,female only,"urons and Decreases Ethanol Drinking in Female Mice  Sarah N. Magee, 1 , 2 Allison C. Seren"
malikowska-racia2023,both sexes,"M: n non-stressed animals.  Methods: Adult male Sprague Dawley rats were injected over three co | F: yoto rats (Hibicke et al., 2020) and in female Sprague-Dawley rats following chronic restraint"
malkova2014,female only,aterials and Methods  Animals. Pregnant female C57BL/6J mice (Charles River) were obtained
maltby2026,both sexes,"efully review whether there are any differences in the effects of psilocybin in males and females.  In  conclusion,  we  have  explored  the  relationship  between 5-HT 2A RO, H"
marcherrorsted2020,male only,ncentration -response curves.  Animals. Male C57BL/6J mice (6 -8 weeks old) obtained fro
marek2018,male only,"iology  Brain slices were prepared from male Sprague-Dawley rats (Harlan, Indianapolis, IN,"
martin2014,not reported,
martin2024,both sexes,(broad match: both 'male' and 'female' found in text)
marton2019,male only,g.  ## Experimental Animals  Thirty-six male Wistar adult rats (270-300 g) were used in thi
mcgriff2025,both sexes,"y 2,5-dimethoxy-4iodoamphetamine, lysergic acid diethylamide, and psilocybin in male and female C57BL/6J mice  picture-1.png  Shelby A./uni00A0McGri/ff 1 /uni00A0· Jacquelin C"
mcqueney2024,both sexes,for fentanyl in a preclinical model of fentanyl self-administration.  Results: Male  and  female  rats  acquired  fentanyl  self-administration  in  the  lowest  price  twice
meinhardt2020,both sexes,"the primary hypothesis, psychedelics had no long-lasting effects on the ADE in male and female rats, neither when administered in a high dosage regime that is comparable to t"
meinhardt2021,male only,(broad match: 'male' found in text)
meng2025,both sexes,M: mg/kg) administered to unstressed adult male mice did not produce any further increase in | F: ynthetic intermediates of psilocybin on female mice experiencing depressionlike behaviors i
miliano2019,both sexes,"Tirri M, Arfè R and De Luca MA (2019) Neurochemical and Behavioral Profiling in Male and Female Rats of the Psychedelic Agent 25I-NBOMe. Front. Pharmacol. 10:1406.  doi: 10.33"
mitazaki2020,male only,(broad match: 'male' found in text)
moghadam2026,both sexes,M: s of these behaviors were also studied. Male Wistar rats received three doses of P. azuresc | F: leads to reduced social interaction in female mice. This finding suggests that immune syst
moliner2023,both sexes,available at https://doi.org/10.1038/s41593-023-01316-5.   ## Methods Animals  Female and male C57BL/6NTac-NTrk2em6006 (Y433F +/-) mice were generated and genotyped as previo
morales-garcia2020,male only,d methods  ## Animals and ethics  Adult male C57/BL6 mice (3-months old) were used in th
muir2024,both sexes,and from the forebrain of mice is ~2 hours ( 28 ).  We then confirmed that both male and female mice exhibit reductions in marble burying when assayed 30 min after an injectio
nardou2023,male only,(0.3/uni2009mg/uni2009kg -1 ) to adult male mice (at postnatal day 96 (P96)) and 48/uni2
navarro2015,male only,"and materials  Subjects  A total of 57 male Wistar rats (Harlan Ibérica, Barcelona, Spain)"
nikolaus2024,male only,"Studies were conducted on a total of 92 male Wistar rats (ZETT, Heinrich-Heine University,"
nogueira2025,both sexes,"o our study is that only male mice were studied, and future work should include both sexes.  In conclusion, this study found a single high-dose of the short-acting compou"
odland2021,female only,"5-HT2A agonists on digging behavior in female NMRI mice, using citalopram as a reference c"
odland20211,male only,ted.  ## 2.  Methods  ## 2.1.  Animals  Male  C57BL/6JOlaHsd  mice  obtained  from  Envig
olejníková-ladislavová2024,male only,lly understood.  Methods: We used adult male Wistar rats in all our experiments. We evaluat
oliveira-lima2015,male only,(broad match: 'male' found in text)
oliveira2023,male only,ptor antagonist bicuculline in the PPTg.Male Wistar rats were used in this study. An ICPPTg
olson2024,both sexes,ect circuits in vivo . This is especially important for clinical translation as males and females present stark differences in depression and other psychiatric disorders that CP
oppong-damoah2019,male only,n with sterile water only.  ## Animals  Male Swiss-Webster mice (CFW; Charles River Labora
ornelas2022,both sexes,M: e  study (CEUA UFRN # 011.2015). Wistar male rats ( n = 76) bred at the Brain Institute ' | F: ory  can  influence  the performance of female rats in the new object recognition task (Par
ozols2024,both sexes,"ng neurons in the absence of an agonist does not increase HTRs in mice. In both male and female Ai32 mice that received vehicle, there was no difference in HTRs in mice that e"
pedzich2022,male only,ice.  ## MATERIALS AND METHODS Animals  Male C57BL/6J wild type mice or 5-HT2A receptor
pedzich20221,male only,"ls  All experiments were carried out on male C57BL/6JRj mice (Janvier, Le GenestSaint-Is"
pic-taylor2015,female only,"opsis caapi and Psychotria viridis ) in female Wistar rat  Aline Pic-Taylor a , Luciana Gueir"
pogorelov2023,both sexes,n studied in various strains of rats -primarily males -and different strains of male and female mice. Lisuride most commonly produced a biphasic locomotor response where low d
pohorala2024,both sexes,"ing extinction sessions does not affect subsequent cocaine cue reinstatement in male and female rats and mice  Veronika Poho ˇ ral ' a a , Martin Kucha ˇ r b,c , Rainer Spanag"
popik2019,male only,"ed behavioural effects.  Methods: Using male Sprague Dawley rats, we examined the effects of"
popik2022,male only,") and 40 (5-CSRTT) experimentally naïve male Sprague-Dawley rats (Charles River, Germany) we"
puigseslloses2024,male only,"ce.  ## MATERIALS AND METHODS Subjects  Male Swiss CD-1 mice (Janvier, Le Genest, France)"
qu2023,male only,(broad match: 'male' found in text)
rahbarnia2025,male only,e present experiments were conducted in male mice only. Few studies have been concerned w
raithatha2024,male only,Male C57BL/6 mice (20-30 g) were used for all PK analyses (own methods)
rakoczy2024,both sexes,"tics.  ## 2.8 | Rat head twitch response  A total of 67 adult (>90 days of age) male and female Long Evans rats (Charles River Laboratories, Raleigh, NC) were randomly assigne"
rambousek2014,male only,(broad match: 'male' found in text)
rangel-barajas2014,male only,"II-130s was administered to age matched male C57BL/6J mice at a dose of 5 mg/ kg, either"
rangel-barajas2017,male only,(broad match: 'male' found in text)
razidlo2025,both sexes,"M: examined the e/ffects of psilocybin in male mice that were stress-nai ve, as well as in | F: reater cue-induced freezing compared to female mice, 48 whereas other rodent studies have o"
reinwald2023,both sexes,nner even at the age of more than 14 months. We have previously shown [26] that female and male rats respond similarly to psilocybin treatment. Sample sizes were estimated bas
reis2020,male only,hods  ## Animals  Three-month-old Swiss male mice from the breeding colony of the Animal
riga2018,male only,(broad match: 'male' found in text)
rijsketic2023,both sexes,"eks old) were used for c-Fos-immuno /uniFB02 uorescence (IF) mapping. Of these, 16 males and 6 females (TRAP + / -;Ai14 + ) were used to assess genetic labeling. All procedures compl"
roberts2023,both sexes,s of  psilocybin  treatment  on  decision-making  and  motivation  in  healthy  male  and  female  rats.  We  compared probability and delay discounting performance of psilocybi
rodriguiz2021,both sexes,"ion of hallucinogenic-like actions at the 5-HT2AR.  ## Methods  Subjects. Adult male and female WT and βArr1-KO, and WT and βArr2-KO mice were used in these experiments 30,31"
rodrı́guez2020,male only,"te Estable (IIBCE, Uruguay) using adult male Wistar rats weighing 290 -320 g bred in the an"
rogers2025,both sexes,No wild animals were used.    Reporting on sex                Males and females were used in behavior only experiment and results reported by sex in Supplement
sabanovic2024,male only,"ttee at the University of Oxford. Adult male C57BL/6J mice (Charles River, Kent, UK) wer"
sahoo2026,both sexes,to assess neurodevelopmental alterations in brain structure and function among male and female mice following oral PSI administration during adolescence. Preclinical MRI repr
sakashita2015,male only,RIALS AND METHODS  Surgical  Procedures Male  Wistar  rats  weighing  250  to 300 g were use
sakloth2019,male only,"opioid receptor (KOR) agonist U69,593. Male Sprague-Dawley rats were implanted with microel"
salinsky2025,both sexes,"M: Materials and/uni00A0methods  Animals. Male Sprague-Dawley rats (n = 44; Harlan, Inc., Indi | F: quired to determine (-)-DOI efficacy in female rats which respond differently to cocaine ba"
santini2014,both sexes,"and dams were bred to produce wild-type (WT), as well as SRKO offspring. Adult male and female mice were used for all the experiments in this study. Animals were housed in gr"
sarkar2014,male only,## Methods and Materials  ## Animals  Male Sprague-Dawley rats bred in the Tata Institute
seillier2025,male only,"Materials and methods  ## 2.1. Animals  Male Wistar rats (225 -250 g, n = 40) were purchase"
sekssaoui2024,both sexes,ychedelic properties.  ## MATERIALS AND METHODS  ## Animals  Wild /uni2010 type male and female C57BL/6J mice were purchased from Charles River Laboratories. 5-HT2AR-de /uniFB
shahar2022,both sexes,"y (55 ± 10%), free access to mice colony chow, water and up to 8 per cage. Both male and female experimenters performed the studies and handled the mice. Experiments were cond"
shahar2024,male only,cortex metabolomic pro /uniFB01 les in male C57Bl/6j mice. HTR measurement showed simil
shao2021,both sexes,"from two-photon imaging was analyzed with separate repeated-measures ANOVAs for male and female mice, using fixed effects of treatment (psilocybin versus saline), time (day 7"
shao2024,both sexes,"e tracked and analyzed 1040-1147 103 spines from 69-85 dendrites in 8-9 mice of both sexes. For statistical tests, mixed effects 104 models were used, which included rand"
sherwood2020,male only,ocybin for its ability to induce HTR in male C57BL/6J mice (Figure 4). While psilocybin
sherwood2024,both sexes,"psychedelic-like activity in humans. 24,25 The HTR was determined in groups of male and female mice for 30 min following subcutaneous administration of norpsilocin analogues."
silverstein2025,both sexes,"the effect of dose on either behavioral (HTR, movement) or EEG measures between male and female rats and have provided separate data plots for male and female rats in the Supp"
singh2023,both sexes,M: odent correlate of psychedelic effects. Male ICR mice were administered psilocybin 4.4 m | F: f 1.5 mg/kg. Odland et al. [14] studied female NMRI mice and observed a signi /uniFB01 cant
skyberg2025,both sexes,"Laboratories and bred-in house) were kept on a 12-h light/dark cycle. In total, 14 male and 7 female mice were used for this study. Mice were  housed  with  sibling  cage mates unt"
smith2014,male only,"supersensitivity to DOI-elicited HTR in male ICR mice, depending on the specific dose re"
song2025,both sexes,"± 10% humidity. Water and food were provided ad libitum. 8-10 weeks old mice of both genders were used for behavioural experiments. Mice were group-housed where possible, w"
sood2018,both sexes,"litters to avoid any litter-speci /uniFB01 ce /uniFB00 ects, and included both male and female pups. Experimental cohort 1 was used for the measurement of head-twitch behavio"
souza2024,male only,"## Methods Animals  A total of 17 adult male rats were used ( Rattus norvegicus , Wistar,"
takaba2023,male only,Materials and methods  ## 2.1. Animals  Male C57BL/6J mice (7-9 weeks old) were obtained
tang2023,male only,rain slices containing the OFc of adult male Sprague Dawley rats were used for ex/uni00A0viv
thomann2024,male only,"In vivo , metabolism was examined using male C57BL/6J mice and human plasma samples. App"
tirri2022,both sexes,in accordance with previous studies that demonstrated the disruption of PPI in male and female rats after administration of LSD (36) and 25INBOMe (37). The same has also been
tiwari2024,both sexes,"single administration of DOI can alter anxiety-like behavior on the EPM in both male and female rats, as well as mice (Figures 1A and 1H). Both male and female rats acutely ad"
tiwari2025,male only,als and methods  ## 2.1. Animals  Adult male rats and mice (3 -4 months old) were used fo
torrado pacheco2023,both sexes,FB01 nd that acute psilocybin robustly improves cognitive /uniFB02 exibility in male and female rats using a task where animals switched between previously learned strategies
tsybko2020,male only,nd genomic DNA extracted from livers of male C57Bl/6 mice as the external standard (200
tyagi2023,both sexes,"uvenile Fmr1 KO mice using the AGS assay. As shown in Figure 1, vehicle-treated male and female  Figure 1. Dose-e/ffect study of DPT (structure shown) on AGS in juvenile Fmr1"
tyl2023,male only,"The experiments were performed on adult male Wistar rats (SPF Velaz, s.r.o., Czechia) weigh"
vargas-perez2024,male only,"ffect.  ## 2. Methods  ## 2.1. Animals  Male Wistar rats (Charles River), ranging from 350"
vargas2023,both sexes,"A to C). Golgi-Cox staining revealed that 5-MeO increased spine density in both male and female animals, and this effect was absent in 5-HT2AR KO mice (fig. S1, A and B). Furt"
vejmola2021,male only,"Experiments were outperformed on adult male Wistar rats (SPF, Velaz s.r.o., Prague, Czechi"
vejmola2025,male only,ement.  ## Rat Experiment  Animals. Ten male Long-Evans rats were housed in pairs in enri
villalba2024,both sexes,"e mediated by the 5-HT 2A receptor (5-HT 2A R) in mice. In that regard, we used male and female, 5-HT 2A R knockout (KO) and wild type (WT) mice injected with a single noribo"
vohra2022,both sexes,"stimulus intensity, prepulse and pulse duration, and interstimulus interval in male and female 129S6/ SvEv mice. We also evaluated the effect of the 5-HT2AR antagonist M100,9"
wallach2023,male only,d injection. HTR counts from individual male C57BL/6 J mice as well as group means are s
wang2023,male only,"ls  In total, 204 8- week- old C57BL/6J male mice were purchased from Beijing Vital River"
wang2025,male only,annabinoid  System  (ECS).  Twenty-two  male  Wistar  rats  were divided  into  control  and
warren2024,male only,tamine (single administration) 38-40 .  Male C57BL/6J mice were introduced to an unknown
welch2025,both sexes,"er min. (B) Same as in A, but for the ITI. (C) Whisker plot of HTR rate between male and female mice. Red square represents the mean rate.  picture-16.png  picture-17.png"
werle2024,both sexes,tion of 1-day-old (upper panels) and 21-day-old (lower panels) fear memories in male and female rats. (a) Experiment 5 design (green arrows indicate the moments of treatment).
winne2020,male only,old) and old (11 -13 month old) C57BL/6 male mice were implanted with microwire arrays ta
witowski2024,both sexes,"and pharmacokinetic studies were performed with lead patch formulation (F5) in male and female Swiss Webster mice, and resulting DMT levels in plasma and brain samples were q"
wojtas2021,male only,"terials and/uni00A0Methods  ## Animals  Male Wistar-Han rats (Charles River, Sulzfeld, Germ"
wojtas2022,male only,"als and Methods  ## 4.1. Animals  Adult male Wistar Han rats (280-350 g; Charles River, Sul"
wojtas2024,male only,"als and Methods  ## 4.1. Animals  Adult male Wistar-Han rats (280-350 g; Charles River, Göt"
wood2026,male only,"In male mice, acute fluoxetine at 10 mg/kg (own methods)"
woodburn2024,both sexes,"cts of psilocybin on fear extinction, extinction retention, and fear renewal in male and female mice. Psilocybin robustly enhances fear extinction when given acutely prior to"
xu2016,male only,methods  ## 2.1. Animals  Healthy adult male Sprague e Dawley (SD) rats weighing 250 e 300 g
yu2023,male only,g/kg) disrupting sensorimotor gating in male Sprague -Dawley rats was used to observe its ef
yu2024,male only,"in occlusion generated 50% mortality in male rats [37]. In our study, we have a low morta"
zhang2025,both sexes,M: the psilocininduced neural activity in male mice using c-Fos immunofluorescent labeling | F: in restrains activity-based anorexia in female rats by enhancing cognitive flexibility: con
zhang2026,both sexes,"M: mals  Experiments  were  performed  on  male  Sprague-Dawley  rats (220 -260 g), which were p | F: of the rats. Previous researchers used  female  Wistar  rats  to  establish  secondary  allody"
zhao2024,both sexes,"M: Neuropsychopharmacology. Eightweek-old  male  C57BL/6J  mice  (Beijing  SPF  Biotechnolog | F: o conduct subsequent research involving female mice. Among all the psychedelic drugs, psilo"
zhuk2015,female only,(broad match: 'female' found in text)
zylko2025,both sexes,"reatment  groups,  and major  outcomes  can  be  found  in  Fig.  1.  Briefly,  male  and  female adolescent  rats  were  given  either  1  mg/kg  psilocybin  or  vehicle  on po"
